query_id,query,doc_id,track_name,artist,lyrics_snippet,relevance
0,"She manages to interview the most horrible people, as long as they're willing. Can't have an interview with someone who'll only attack your questions.",7947,Honey,Erykah Badu,"We hope you enjoyed your train ride From this point, ladies and gentlemen You're on your own New Amerykah 4th World War Please stay tuned For New Amerykah, Pt. 2: Return of the Ankh Please stay tuned for more Your special ingredient, Honey 10, 9, 8, 7, 6, 5, 4, 3, 2 Two and a half One, thank you So ",
0,"She manages to interview the most horrible people, as long as they're willing. Can't have an interview with someone who'll only attack your questions.",5910,Ms. Hill,Talib Kweli,"Another night, slips away In other words, I should say There are no words, you should say There are no words Another night, slips away In other words, I should say There are no words, you should say There are no words Ms. Hill, you got skills, that's a gift, it's real Get ill, what you spit got the ",
0,"She manages to interview the most horrible people, as long as they're willing. Can't have an interview with someone who'll only attack your questions.",7191,Rich & Sad,PLVTINUM,She a diva just like Whitney Toxic like she '06 Britney Lines of coke to keep her body skinny Re-up with her daddy's cash Who's to blame? Insta fame? Or her family name? It's a shame she turned out this way (Yeah) Her closet full but she feel empty It's difficult bein' rich and sad Beach-front mansi,
0,"She manages to interview the most horrible people, as long as they're willing. Can't have an interview with someone who'll only attack your questions.",4633,Honey,Erykah Badu,"We hope you enjoyed your train ride From this point, ladies and gentlemen You're on your own New Amerykah 4th World War Please stay tuned For New Amerykah, Pt. 2: Return of the Ankh Please stay tuned for more Your special ingredient, Honey 10, 9, 8, 7, 6, 5, 4, 3, 2 Two and a half One, thank you So ",
0,"She manages to interview the most horrible people, as long as they're willing. Can't have an interview with someone who'll only attack your questions.",3354,I Do The Rock,Tim Curry,"Edith Sitwell giving readings 14 Moscow RoadOsbert's giving champagne parties Sachie's got a cold Gertrude's hanging pictures Alice making tea Me, I do the only thing that still Makes sense to me I do the Rock I do the Rock RockJohn and Yoko farming beef Raising protein quota Sometimes they make lov",
0,"She manages to interview the most horrible people, as long as they're willing. Can't have an interview with someone who'll only attack your questions.",6557,To Cut a Long Story Short - 2010 Remaster,Spandau Ballet,"Ha! Soldier is turning See him through white light Running from strangers See you in the valley War upon war Heat upon heat To cut a long story short, I lost my mind Sitting on a park bench Years away from fighting Ah, to cut a long story short, I lost my mind Standing in the dark Oh, I was waiting ",
0,"She manages to interview the most horrible people, as long as they're willing. Can't have an interview with someone who'll only attack your questions.",8864,Falling Down - Bonus Track,Lil Peep,"Come, let's watch the rain as it's falling down Now let's do that song for Peep Sunlight on your skin when I'm not around Shit don't feel the same when you're out of town So come, let's watch the rain as it's falling down, yeah Come, let's watch the rain as it's falling down Sunlight on your skin wh",
0,"She manages to interview the most horrible people, as long as they're willing. Can't have an interview with someone who'll only attack your questions.",3370,On The Low,Burna Boy,"It's Kel P Vibes Yeah, yeah Kpokpotikpo kpo kpo kpo Baby your love dey high me like choko Kpokpotikpo kpo kpo kpo Baby your love dey high me like choko, yeah Kpokpotikpo kpo kpo kpo Baby your love dey high me like choko (Baby your love dey high me) NA Angeli, Angelina, you dey cool my temperature If",
0,"She manages to interview the most horrible people, as long as they're willing. Can't have an interview with someone who'll only attack your questions.",2478,Killer Queen - Remastered 2011,Queen,"She keeps a Moët et Chandon in her pretty cabinet Let them eat cake she says, just like Marie Antoinette A built-in remedy for Khrushchev and Kennedy (Ooh, ooh) At anytime an invitation, you can't decline (Ooh, ooh) Caviar and cigarettes, well versed in etiquette Extraordinarily nice She's a Killer ",
0,"She manages to interview the most horrible people, as long as they're willing. Can't have an interview with someone who'll only attack your questions.",9264,Honey,Erykah Badu,"We hope you enjoyed your train ride From this point, ladies and gentlemen You're on your own New Amerykah 4th World War Please stay tuned For New Amerykah, Pt. 2: Return of the Ankh Please stay tuned for more Your special ingredient, Honey 10, 9, 8, 7, 6, 5, 4, 3, 2 Two and a half One, thank you So ",
0,"She manages to interview the most horrible people, as long as they're willing. Can't have an interview with someone who'll only attack your questions.",12216,Forgive or Forget - R3HAB Remix,Ina Wroldsen,"Ay, ay, ay, ay, ay, ah, ah Da, da, da, da, da You keep calling me Follow me on the internet Apologies, apologies I don't want your attention I don't want you to mention What we used to be Mention me in your interviews It's novelty and honestly I'm so mad about what you did I can't forgive or forget ",
0,"She manages to interview the most horrible people, as long as they're willing. Can't have an interview with someone who'll only attack your questions.",11586,Sunburn,Muse,"Come waste your millions here Secretly, she sneers Another corporate show A guilty conscience grows I'll feel a guilty conscience grow I'll feel a guilty conscience grow She burns like the sun And I can't look away And she'll burn our horizons Make no mistake Come let the truth be shared No one ever",
0,"She manages to interview the most horrible people, as long as they're willing. Can't have an interview with someone who'll only attack your questions.",11080,1985,Bowling For Soup,"Debbie just hit the wall, she never had it all One Prozac a day, husband's a CPAHer dreams went out the door when she turned 24 Only been with one man, what happened to her plan? She was gonna be an actress, she was gonna be a star She was gonna shake her ass on the hood of Whitesnake's car Her yell",
0,"She manages to interview the most horrible people, as long as they're willing. Can't have an interview with someone who'll only attack your questions.",9550,1985,Bowling For Soup,"Debbie just hit the wall, she never had it all One Prozac a day, husband's a CPAHer dreams went out the door when she turned 24 Only been with one man, what happened to her plan? She was gonna be an actress, she was gonna be a star She was gonna shake her ass on the hood of Whitesnake's car Her yell",
0,"She manages to interview the most horrible people, as long as they're willing. Can't have an interview with someone who'll only attack your questions.",14555,Killer Queen - 2011 Mix,Queen,"She keeps a Moët et Chandon in her pretty cabinet Let them eat cake she says, just like Marie Antoinette A built-in remedy for Khrushchev and Kennedy (Ooh, ooh) At anytime an invitation, you can't decline (Ooh, ooh) Caviar and cigarettes, well versed in etiquette Extraordinarily nice She's a Killer ",
0,"She manages to interview the most horrible people, as long as they're willing. Can't have an interview with someone who'll only attack your questions.",5981,Used To,Drake,"NA NA Boys, now listen, we got more motherfuckin' TV screens On the outside the damn tour bus than on that motherfucker Boys playin' Playstation We come through motherfuckin' hang gliding Off motherfuckin' Versace skyscrapers I don't get it, what more can you ask for? Yeah—sound, sound, sound Yeah, ",
0,"She manages to interview the most horrible people, as long as they're willing. Can't have an interview with someone who'll only attack your questions.",7518,A Wake (feat. Evan Roman),Macklemore & Ryan Lewis,"I need love You need love Give me love And I'll give you my love They say thirty's the new twenty And twenty's the new thirty, shit I guess Makes sense, 'cause fifteen-year-olds seem twenty And twenty-five -year-olds seem ten I used to drink away my paycheck Celebrate the mistakes I hadn't made yet ",
0,"She manages to interview the most horrible people, as long as they're willing. Can't have an interview with someone who'll only attack your questions.",1890,Bad Bitch,YG,"NA She a bad bitch Ain't worryin' 'bout nothin' cause she know she the baddest In that Gucci pumps, Gucci purse and Gucci glasses Aye here's the keys to my whip, you can have it Cause she a bad bitch I need me a bad bitch And everything she wear be fresh out the plastic 20 inch weave and don't care ",
0,"She manages to interview the most horrible people, as long as they're willing. Can't have an interview with someone who'll only attack your questions.",4330,Killer Queen - 2011 Mix,Queen,"She keeps a Moët et Chandon in her pretty cabinet Let them eat cake she says, just like Marie Antoinette A built-in remedy for Khrushchev and Kennedy (Ooh, ooh) At anytime an invitation, you can't decline (Ooh, ooh) Caviar and cigarettes, well versed in etiquette Extraordinarily nice She's a Killer ",
0,"She manages to interview the most horrible people, as long as they're willing. Can't have an interview with someone who'll only attack your questions.",12142,Killer Queen - 2011 Mix,Queen,"She keeps a Moët et Chandon in her pretty cabinet Let them eat cake she says, just like Marie Antoinette A built-in remedy for Khrushchev and Kennedy (Ooh, ooh) At anytime an invitation, you can't decline (Ooh, ooh) Caviar and cigarettes, well versed in etiquette Extraordinarily nice She's a Killer ",
1,Ive always wanted someone to tell me how beautiful my protein powder looks.,1800,Perfect,Topic,"You're not trying to change me Even though I'm crazy When it's all too much, then you take me home Wearing no makeup, think I'm beautiful And when I'm all messed up, you let me be me There's always gonna be somebody smarter Someone prettier who works a little harder Someone that who ain't afraid to ",
1,Ive always wanted someone to tell me how beautiful my protein powder looks.,11151,Total Eclipse of the Heart,Bonnie Tyler,(Turn around) Every now and then I get a little bit lonely And you're never coming 'round (Turn around) Every now and then I get a little bit tired Of listening to the sound of my tears (Turn around) Every now and then I get a little bit nervous That the best of all the years have gone by (Turn arou,
1,Ive always wanted someone to tell me how beautiful my protein powder looks.,8979,She Will Be Loved - Radio Mix,Maroon 5,"Beauty queen of only eighteen She had some trouble with herself He was always there to help her She always belonged to someone else I drove for miles and miles And wound up at your door I've had you so many times But somehow, I want more I don't mind spending every day Out on your corner in the pour",
1,Ive always wanted someone to tell me how beautiful my protein powder looks.,10901,I Just Wanna Stop,Gino Vannelli,"For your love When I think about those nights in Montreal I get the sweetest thoughts of you and me Memories of love above the city lights Ooh, I tried so hard to take it But oh lord my heart won't make it I just wanna stop And tell you what I feel about you babe I just wanna stop I never wanna live",
1,Ive always wanted someone to tell me how beautiful my protein powder looks.,12182,She Will Be Loved - Acoustic,Maroon 5,"Beauty queen of only eighteen She had some trouble with herself He was always there to help her She always belonged to someone else I drove for miles and miles And wound up at your door I've had you so many times But somehow, I want more I don't mind spending every day Out on your corner in the pour",
1,Ive always wanted someone to tell me how beautiful my protein powder looks.,11294,She Will Be Loved,Maroon 5,"Beauty queen of only eighteen She had some trouble with herself He was always there to help her She always belonged to someone else I drove for miles and miles And wound up at your door I've had you so many times But somehow, I want more I don't mind spending every day Out on your corner in the pour",
1,Ive always wanted someone to tell me how beautiful my protein powder looks.,288,Come With Me,Shai,I got a call A telephone call today Somebody's offering a job A thousand miles away And I want to take it It's the opportunity of a lifetime But I need a second opinion An opinion other than mine Pre-Chorus - Darnell So I I'm turning to you Because you always seem to know what to do When times like ,
1,Ive always wanted someone to tell me how beautiful my protein powder looks.,4128,Just The Way You Are,Bruno Mars,"Oh, her eyes, her eyes Make the stars look like they're not shinin' Her hair, her hair Falls perfectly without her trying She's so beautiful And I tell her every day Yeah, I know, I know When I compliment her she won't believe me And it's so, it's so Sad to think that she don't see what I see But ev",
1,Ive always wanted someone to tell me how beautiful my protein powder looks.,9253,Mr. Jones,Counting Crows,"Shalalala la la la Uh huh I was down at the New Amsterdam Staring at this yellow-haired girl Mr. Jones strikes up a conversation With a black-haired flamenco dancer You know she dances while his father plays guitar She's suddenly beautiful And we all want something beautiful Man, I wish I was beauti",
1,Ive always wanted someone to tell me how beautiful my protein powder looks.,14245,Just the Way You Are,Bruno Mars,"Oh, her eyes, her eyes Make the stars look like they're not shinin' Her hair, her hair Falls perfectly without her trying She's so beautiful And I tell her every day Yeah, I know, I know When I compliment her she won't believe me And it's so, it's so Sad to think that she don't see what I see But ev",
1,Ive always wanted someone to tell me how beautiful my protein powder looks.,825,Firme Hina,Proper Dos,"I'm looking for a firme hina A hina that's finer than the average hina Not a hina that's loose And definitely not a hina that smokes that juice I don't want no hina that's been around And I don't want a hina that's all tacked down I need a firme hina, nice and cute With a tight mini-skirt and the su",
1,Ive always wanted someone to tell me how beautiful my protein powder looks.,7616,Breathe Without,Nurko,"Fingertips, on my skin I run through the memory Cause I don't want to believe You'd give me up, a careless love When all l wanted to be, was someone you couldn't breathe without Out of my sight But you live in my mind Now, when all l i wanted to be Was someone you couldn't breath without When all l ",
1,Ive always wanted someone to tell me how beautiful my protein powder looks.,11073,Is There Anybody Lonely,Sir Charles Jones,There comes a time in every man life When he needs that special someone And ohh Ive been around the world Looking for my special someone I'm singing this one for my self And I'm asking is anybody here lonely Maybe one day maybe one day ill be with You (chorus) Is anybody lonely (is anybody lonely) A,
1,Ive always wanted someone to tell me how beautiful my protein powder looks.,3914,Someone That Loves You,HONNE,"Touch me, touch me, touch me You have someone that loves you Whoever said it was easy Must have had it pretty good Must have had it pretty good I want you, boy, just to please me Don't tell me that you could Don't tell me that you could It's beautiful in the way we move But what's a girl to do when ",
1,Ive always wanted someone to tell me how beautiful my protein powder looks.,12113,Cravin (feat. G-Eazy),DaniLeigh,"Ooh, ooh (yeah) Slim right, real tight, got a nigga cravin' (Cravin') Slim right, real tight, got a nigga cravin' All night, that's right, ballin' on the daily Off-White fit nice, Balenciaga wavy Ass fat, real snack, got that nigga cravin' Slim right, real tight, got a nigga cravin' All night, that'",
1,Ive always wanted someone to tell me how beautiful my protein powder looks.,4184,Body Language - Remastered 2011,Queen,"Give me, body Give me, body (body) Give me your body Don't talk, don't talk, don't talk (Don't talk, don't talk, don't talk, don't talk) Baby, don't talk Body language Body language Body language Give me your body Just give me, yeah, your body Give me, yeah, your body Don't talk Body language Body l",
1,Ive always wanted someone to tell me how beautiful my protein powder looks.,473,Chartreuse,Capital Cities,We painted our faces We were a resting place for the light I must admit an arresting sight We looked alright But now it's just traces As we fake in black and white We put makeup on with no light We're too uptight Color me this way Color me that way Color me inside out Color me upside down Color me t,
1,Ive always wanted someone to tell me how beautiful my protein powder looks.,8166,Just the Way You Are,Bruno Mars,"Oh, her eyes, her eyes Make the stars look like they're not shinin' Her hair, her hair Falls perfectly without her trying She's so beautiful And I tell her every day Yeah, I know, I know When I compliment her she won't believe me And it's so, it's so Sad to think that she don't see what I see But ev",
1,Ive always wanted someone to tell me how beautiful my protein powder looks.,1273,"Mr. Jones - Live At Chelsea Studios, New York/1997",Counting Crows,"Shalalala la la la Uh huh I was down at the New Amsterdam Staring at this yellow-haired girl Mr. Jones strikes up a conversation With a black-haired flamenco dancer You know she dances while his father plays guitar She's suddenly beautiful And we all want something beautiful Man, I wish I was beauti",
1,Ive always wanted someone to tell me how beautiful my protein powder looks.,14460,Juicy (feat. Tyga),Doja Cat,"I keep it juicy juicy, I eat that lunch (Yeah) She keep that booty booty, she keep that plump (Yeah yeah) That natural beauty beauty, yeah, yeah If you could see it from the front, wait 'til you see it from the back, back, back, back, back (Wait 'til you see it from the...) Back, back, yeah, back, b",
1,Ive always wanted someone to tell me how beautiful my protein powder looks.,2301,Artsy (feat. The Grouch),Living Legends,"You ain't artsier than me Cuz you got sideburns and a vintage tee I said you ain't artiser than me Cuz you pluck a guitar, that ain't fuckin bizarre You ain't artsier than me Cuz you live in Los Feliz, bitch you ain't Jesus You ain't artsier than me I got a colorful vocab, watch the low jab So what ",
1,Ive always wanted someone to tell me how beautiful my protein powder looks.,15102,Juicy,Doja Cat,"I keep it juicy juicy, I eat that lunch (Yeah) She keep that booty booty, she keep that plump (Yeah yeah) That natural beauty beauty, yeah, yeah If you could see it from the front, wait 'til you see it from the back, back, back, back, back (Wait 'til you see it from the...) Back, back, yeah, back, b",
2,"They just keep coming, it's like a cartoon",2051,Safe,Daya,"I remember the rush We were running, backyard to yard Wasn't scared of going too far Staying out till it was too dark Now daylight don't make it right And you would really know this Closed hearts make closed minds I won't tell you it's all butterflies and roses When I back in time When we were ah-ah",
2,"They just keep coming, it's like a cartoon",9604,Uprising,Muse,"Paranoia is in bloom The PR transmissions will resume They'll try to push drugs that keep us all dumbed down And hope that we will never see the truth around(So come on) Another promise, another seed Another packaged lie to keep us trapped in greed And all the green belts wrapped around our minds An",
2,"They just keep coming, it's like a cartoon",8330,Sit Back (feat. Truthos Mufasa & Black Josh),The Mouse Outfit,"You need to sit back on this one Smoke a doob Watch cartoons 'til slowly loose It's overdue, slide into your heaven You need to sit back on this one Smoke a doob Watch cartoons 'til slowly loose It's overdue, slide into your heaven It goes One for the mind, two for the money The weed would be free b",
2,"They just keep coming, it's like a cartoon",4748,Old Friend (MK Remix) [Edit],Elderbrook,"Oh, you're just the same as I used to know Always playing games in the strangest ways, and You come and go, go, go, just like before, 'fore, oh I should've known Oh, you're just the same as I used to know Always playing games in the strangest ways, and You come and go, go, go, just like before, 'for",
2,"They just keep coming, it's like a cartoon",4630,Ludens,Bring Me The Horizon,"Some resist the future, some refuse the past Either way, it's messed up if we can't unplug the fact That a world covered in cables was never wired to last So don't act so surprised when the program starts to crash (How do I) Form a connection when we can't even shake hands? You're like a phantom gre",
2,"They just keep coming, it's like a cartoon",11168,Never Really Over,Katy Perry,"I'm losing my self control Yeah, you're starting to trickle back in But I don't wanna fall down the rabbit hole Cross my heart, I won't do it again I tell myself, tell myself, tell myself, ""Draw the line"" And I do, I do But once in a while, I trip up, and I cross the line And I think of you Two year",
2,"They just keep coming, it's like a cartoon",1698,The Return Of The Giant Hogweed - Digital Remastered 2008,Genesis,Turn and run! Nothing can stop them Around every river and canal their power is growing Stamp them out! We must destroy them They infiltrate each city with their thick dark warning odour They are invincible They seem immune to all our herbicidal battering Long ago in the Russian hills A Victorian ex,
2,"They just keep coming, it's like a cartoon",13731,Long Time Coming,Caitlyn Smith,"Sometimes, it feels like I'm dying Like it's gone black and white, and I'm caught in a dream But I see the bird in the sky, they're high flying But I'm stuck in this room with just you and me But the weather's changing right before my eyes It's been a long time coming Through the dark, dark night It",
2,"They just keep coming, it's like a cartoon",1828,Imperfect Circle,Jorja Smith,Round and round and round and round And round and round we go Round and round and round and round And round and round we go Round and round and round and round And round and round we go Round and round and round and round And round and round we go Round and round and round and round And round and ro,
2,"They just keep coming, it's like a cartoon",1829,Back to Me,Moonchild,Seems I'm never by my phone whenever you call Always busy or having my fun And when you want to take me out I've no appetite at all Suppose I'm not a hungry woman Maybe you're still blaming everything on a case of bad timing Score's 1 for the silver lining Even my own friends have started wondering ,
2,"They just keep coming, it's like a cartoon",9896,Symphony Of Destruction,Megadeth,"NA You take a mortal man And put him in control Watch him become a god Watch people's heads a'roll A'roll, a'roll... Just like the Pied Piper Led rats through the streets We dance like marionettes Swaying to the symphony of destruction Actin' like a robot Its metal brain corrodes You try to take its",
2,"They just keep coming, it's like a cartoon",6328,Phenomenon,Thousand Foot Krutch,"If you're like us, calling all riders Roll up beside us, no place to hide us All freedom fighters, let's unite us Switch on your nitrous and. Let's. Go Destination, for navigation Man up ya station, feel the sensation Surround invasion, with communication Move quick, we might avoid contamination Dow",
2,"They just keep coming, it's like a cartoon",11713,Stormbringer - 2009 remix,Deep Purple,Coming out of nowhere Driving like rain Stormbringer dance On the thunder again Dark cloud gathering Breaking the day No point running Because it's coming your way Ride the rainbow Crack the sky Stormbringer coming Time to die Got to keep running Stormbringer coming He's got nothing you need He's go,
2,"They just keep coming, it's like a cartoon",325,Storm (feat. Kyra Mastro),Famba,"I'm feeling numb most days, most days I don't even mind the rain, the rain I'm all out of complaints these days I got nothing to say (I got nothing to say) Head's feeling heavy, clouds are rolling Stuck in the same, keeps me in holding Waiting too long just to feel The storm is coming on, on, on I f",
2,"They just keep coming, it's like a cartoon",13900,Black Skinhead,Kanye West,"NA For my theme song (Black) My leather black jeans on (Black) My by-any-means on Pardon, I'm getting my scream on (Black) Enter the kingdom (Black) But watch who you bring home They see a black man with a white woman At the top floor they gone come to kill King Kong Middle America packed in (Black)",
2,"They just keep coming, it's like a cartoon",7631,Cocoon - Erick Morillo & Harry Romero Remix,Erick Morillo,"I don't need a fire burning with desire Let's go, let's go You been in the rain but I been in the snow You been making magic, now I gotta have it Let's go, let's go You be wearing diamonds, I be dripping gold You got me coming alive in a cocoon Chasing the light, tearing anyone open I'm coming alive",
2,"They just keep coming, it's like a cartoon",1367,You Can Call Me Al,Paul Simon,"A man walks down the street He says, ""Why am I soft in the middle, now? Why am I soft in the middle? The rest of my life is so hard I need a photo-opportunity I want a shot at redemption Don't want to end up a cartoon In a cartoon graveyard""Bonedigger, Bonedigger Dogs in the moonlight Far away in my",
2,"They just keep coming, it's like a cartoon",602,I'm Coming Out,Diana Ross,I'm ... coming ... out I'm coming I'm ... coming ... out I'm coming out I'm coming ... out I'm ... coming ... out I'm coming out I want the world to know Got to let it show I'm coming out I want the world to know I got to let it show There's a new me coming out And I just had to live And I wanna giv,
2,"They just keep coming, it's like a cartoon",10723,Waiting On the World to Change,John Mayer,Me and all my friends We're all misunderstood They say we stand for nothing and There's no way we ever could Now we see everything that's going wrong With the world and those who lead it We just feel like we don't have the means To rise above and beat it So we keep waiting Waiting on the world to ch,
2,"They just keep coming, it's like a cartoon",11753,Up & Down,Marnik,They just want your head Moving up & down Up & down Up & down They got inside your head Flip it upside down Upside down Upside down We can feel an order Getting in our way We don't need the rule of yesterday Breaking down the borders Tearing down the sides Hear this one last time They just want your,
2,"They just keep coming, it's like a cartoon",13817,Home - Tiësto Vs. twoloud Remix,Dotan,"Run past the rivers, run past all the light Feel it crashing and burning, 'til it all collides Strike a match, lit the fire, shining up the sky As it all comes down again As it all comes down again As it all comes down again to the sound The sound of the wind is whispering in your head Can you feel ",
2,"They just keep coming, it's like a cartoon",14463,Back to You (feat. Bebe Rexha & Digital Farm Animals),Louis Tomlinson,"I know you say you know me, know me well But these days I don't even know myself, no I always thought I'd be with someone else I thought I would own the way I felt, yeah I call you but you never even answer I tell myself I'm done with wicked games But then I get so numb with all the laughter That I ",
3,"This is the sweetest thing ever, im gonna steal it and use it on my fiance",11911,Invisible - from the Netflix Film Klaus,Zara Larsson,"How many nights do you lie awake In the darkest place? (Eh-oh-eh-oh, eh-oh) How many days do you shed the pain Of your darker days? (Eh-oh-eh-oh, eh-oh) All I know is If happy lives a mile away A couple steps is all it takes If kindness lives in everyone Then all it takes isn't enough Can't touch it",
3,"This is the sweetest thing ever, im gonna steal it and use it on my fiance",11273,Alive And Kicking - Remastered 2002,Simple Minds,"You turn me on, you lift me up And like the sweetest cup I'd share with you You lift me up, don't you ever stop, I'm here with you Now it's all or nothing Cause you say you'll follow through You follow me, and I, I, I follow you What you gonna do when things go wrong? What you gonna do when it all c",
3,"This is the sweetest thing ever, im gonna steal it and use it on my fiance",5262,Alive And Kicking - 2002 Digital Remaster,Simple Minds,"You turn me on, you lift me up And like the sweetest cup I'd share with you You lift me up, don't you ever stop, I'm here with you Now it's all or nothing Cause you say you'll follow through You follow me, and I, I, I follow you What you gonna do when things go wrong? What you gonna do when it all c",
3,"This is the sweetest thing ever, im gonna steal it and use it on my fiance",13850,Single Ladies (Put a Ring On It),The Cleverlys,"All the single ladies All the single ladies All the single ladies All the single ladies All the single ladies All the single ladies All the single ladies Now put your hands up Up in the club, just broke up I'm doing my own little thing Decided to dip but now you wanna trip Cause another brother noti",
3,"This is the sweetest thing ever, im gonna steal it and use it on my fiance",9371,I Kissed A Girl,Katy Perry,"This was never the way I planned Not my intention I got so brave, drink in hand Lost my discretion It's not what I'm used to Just wanna try you on I'm curious for you Caught my attention I kissed a girl and I liked it The taste of her cherry chapstick I kissed a girl just to try it I hope my boyfrie",
3,"This is the sweetest thing ever, im gonna steal it and use it on my fiance",15388,Singing In The Rain,Simple Plan,"I'm reading through the Sunday paper and it's all bad news (All bad news) I'm looking for a smile on the streets, but it's just no use (Just no use) Sing with me now…Singing in the rain up, in the rain up Singing in the rain up, in the rain up I jump into my car, turn the key, but it just won't star",
3,"This is the sweetest thing ever, im gonna steal it and use it on my fiance",417,"I Don't Want to Miss a Thing - From the Touchstone film, ""Armageddon""",Aerosmith,I could stay awake just to hear you breathin' Watch you smile while you are sleeping While you're far away and dreaming I could spend my life in this sweet surrender I could stay lost in this moment forever Where every moment spent with you is a moment I treasure Don't want to close my eyes I don't ,
3,"This is the sweetest thing ever, im gonna steal it and use it on my fiance",1319,Lick It Up,KISS,"Yeah, yeah Don't want to wait until you know me better Let's just be glad for the time together Life's such a treat and it's time you taste it There isn't a reason on earth to waste it It isn't a crime to be good to yourself Lick it up, lick it up, oh-oh-ohh (It's only right now) Lick it up, lick it",
3,"This is the sweetest thing ever, im gonna steal it and use it on my fiance",431,Because Of You,Ne-Yo,"Ooh-oh-oh, oh-oh, oh-oh Oh-oh-oh-oh-oh, oh-oh-oh-oh-oh Want to, but I can't help it, I love the way it feels It's got me stuck between my fantasy and what is real I need it when I want it, I want it when I don't Tell myself I'll stop everyday, knowin' that I won't I got a problem and I don't know wh",
3,"This is the sweetest thing ever, im gonna steal it and use it on my fiance",7350,Lick It Up,KISS,"Yeah, yeah Don't want to wait until you know me better Let's just be glad for the time together Life's such a treat and it's time you taste it There isn't a reason on earth to waste it It isn't a crime to be good to yourself Lick it up, lick it up, oh-oh-ohh (It's only right now) Lick it up, lick it",
3,"This is the sweetest thing ever, im gonna steal it and use it on my fiance",2104,I Kissed A Girl,Katy Perry,"This was never the way I planned Not my intention I got so brave, drink in hand Lost my discretion It's not what I'm used to Just wanna try you on I'm curious for you Caught my attention I kissed a girl and I liked it The taste of her cherry chapstick I kissed a girl just to try it I hope my boyfrie",
3,"This is the sweetest thing ever, im gonna steal it and use it on my fiance",8136,Alive And Kicking,Simple Minds,"You turn me on, you lift me up And like the sweetest cup I'd share with you You lift me up, don't you ever stop, I'm here with you Now it's all or nothing Cause you say you'll follow through You follow me, and I, I, I follow you What you gonna do when things go wrong? What you gonna do when it all c",
3,"This is the sweetest thing ever, im gonna steal it and use it on my fiance",7881,Bubble Gum,Clairo,"Sorry I didn't kiss you But it's obvious I wanted to Bubble gum down my throat and it's a curse But my luck couldn't get any worse 'Cause I swallowed the bubble gum Oh, and these seven years will be pretty dumb Pink flowers grow from my skin Pepto Bismol veins and I grin You look so nice in your shi",
3,"This is the sweetest thing ever, im gonna steal it and use it on my fiance",14159,Lick It Up,KISS,"Yeah, yeah Don't want to wait until you know me better Let's just be glad for the time together Life's such a treat and it's time you taste it There isn't a reason on earth to waste it It isn't a crime to be good to yourself Lick it up, lick it up, oh-oh-ohh (It's only right now) Lick it up, lick it",
3,"This is the sweetest thing ever, im gonna steal it and use it on my fiance",4056,"I Don't Want to Miss a Thing - From ""Armageddon"" Soundtrack",Aerosmith,I could stay awake just to hear you breathin' Watch you smile while you are sleeping While you're far away and dreaming I could spend my life in this sweet surrender I could stay lost in this moment forever Where every moment spent with you is a moment I treasure Don't want to close my eyes I don't ,
3,"This is the sweetest thing ever, im gonna steal it and use it on my fiance",3546,Your Love Gets Sweeter,Finley Quaye,You know your smile woman You treat me so darn darn fine You give me such an appetite And I need your loving every night Your love gets sweeter every day Your love gets sweeter every day Your love gets sweeter every day Your love gets sweeter every day Baby when you kiss my lips Makes me want to go ,
3,"This is the sweetest thing ever, im gonna steal it and use it on my fiance",2273,Ready When You Are,Mathilda Homer,"And I'm willing to wait You can take your time How's your mental state? You're sour like lemons and limes I've got my first aid kit 'Cause, babe, you're funny and fit And I'm ready when you are And, fuck, you're taking your time And I'm ready when you are And, fuck, you're taking your time I've lear",
3,"This is the sweetest thing ever, im gonna steal it and use it on my fiance",10987,"The Sweetest Thing (feat. Lauryn Hill) - From the New Line Cinema film ""Love Jones""",Refugee Camp All-Stars,"The unexpected Multi-dimensional Unexpected sound of the Refugee All-Stars The sweetest thing I've ever known Was like the kiss on the collarbone Soft caress of happiness The way you walk, your style of dress I wish I didn't get so weak Ooo, baby, just to hear you speak Makes me argue just to see Ho",
3,"This is the sweetest thing ever, im gonna steal it and use it on my fiance",10733,Pilot Jones,Frank Ocean,"We once had things in common Now the only thing we share is the refrigerator Ice cold, baby, I told you, I'm ice cold (Ice cold!) You out here flyin' high (High) Go head, fly that thing! High, high, yeah But fly alone You always smokin' in the house What if my mother comes over? You can't get up and",
3,"This is the sweetest thing ever, im gonna steal it and use it on my fiance",3835,Sweet,Jehro,"Sweet sweet Dream so sweetly tonight Sweet sweet Dream so sweetly tonight I first seen you on the market place Chopping, peeling sticks of sugar cane I fell in love with your sweet smile Slip away from the city race Follow me to a lonely place Come lie down by my waterfall Sweet sweet Come dreem swe",
4,This is what I'm thinking of doing. I just thought tafe was the go to.,5773,Stay,Oingo Boingo,This is not the first time—you tried to get away This is not a party—where people know your name This is not a classroom—with teacher at the board This is not a cat show—with prizes at the door Go—don't you go Won't you stay with me one more day? If we get through one more night If we get through on,
4,This is what I'm thinking of doing. I just thought tafe was the go to.,785,Make Your Mark,Drew Ryan Scott,"We'll make a mark We'll make a mark (We're gonna) We'll make a mark We'll make a mark (On the dance floor) We'll make a mark (We're gonna) We'll make a mark (On the dance floor) We'll make a mark We'll make a mark Show time, strobe lights (Strobe lights) Good life, feels right We're dancing (We're d",
4,This is what I'm thinking of doing. I just thought tafe was the go to.,787,What Have I Done,Dermot Kennedy,"Woke up this morning, light poured in, you're with me I thought I'd be better off alone Now, my soul has been torn and reborn, started breathing What have I done? What have I done? I never thought I needed saving, I was right where I should be Good God, I know it's dangerous, but it's you that I nee",
4,This is what I'm thinking of doing. I just thought tafe was the go to.,7829,Joy,Mary Mary,"I get joy, joy thinking about What He's done for me I get joy, joy thinking about What He's done for me It's in my hands, my feet I'm talking about What He's done for me I get joy just thinking about What He's done for me Oh how I wonder when my soul looks back How I ever made it through my sinful, ",
4,This is what I'm thinking of doing. I just thought tafe was the go to.,3991,Don't Watch Me Cry,Jorja Smith,"Oh, it hurts the most 'cause I don't know the cause Maybe I shouldn't have cried when you left and told me not to wait Oh, it kills the most to say that I still care Now I'm left tryna rewind the times you held and kissed me back I wonder if you're thinking ""Is she alright all alone?"" I wonder if yo",
4,This is what I'm thinking of doing. I just thought tafe was the go to.,4248,No One - Kayge Calypso & DUNN Remix,Mothica,"You curl my name with your lip I take a drink, I hate it I tell you what you want to hear, so I Can catch my breath and step away Think about what to say to you While you come unglued I don't know how to make it clear I've tried it out all these years But it doesn't seem to go through Til now Here I",
4,This is what I'm thinking of doing. I just thought tafe was the go to.,3609,Panic Station,Muse,"You won't get much closer Till you sacrifice it all (all) You won't get to taste it With your face against the wall (wall wall) Get up and commit Show the power trapped within (in in) Do just what you want to And now stand up and begin, uh Ooo 1, 2, 3, 4 fire's in your eyes And this chaos, it defies",
4,This is what I'm thinking of doing. I just thought tafe was the go to.,9759,Technologic - Radio Edit [Radio Edit],Daft Punk,"Buy it, use it, break it, fix it Trash it, change it, mail – upgrade it Charge it, point it, zoom it, press it Snap it, work it, quick – erase it Write it, cut it, paste it, save it Load it, check it, quick – rewrite it Plug it, play it, burn it, rip it Drag and drop it, zip – unzip it Lock it, fill",
4,This is what I'm thinking of doing. I just thought tafe was the go to.,3885,Lucky Boy - Outlines Remix,DJ Mehdi,I've been waiting I've been searching step front to ask our neighbors a tattoo. You've been lonely. You feel hurt and step front to ask our neighbors a tattoo.,
4,This is what I'm thinking of doing. I just thought tafe was the go to.,12092,Home,Marshmello,Check this out Check this out,
4,This is what I'm thinking of doing. I just thought tafe was the go to.,4677,SPEEDBOAT,Denzel Curry,"I went from stickin' pennies in the jar to offshore bank accounts See me and my conglomerates is lucrative I'm talkin' big money, big chains, big guns, nigga More power Big talk, speedboat (Speedboat) Pray to God I don't get repoed (Repoed) Didn't go to college for a free throw (Swish) People gettin",
4,This is what I'm thinking of doing. I just thought tafe was the go to.,8776,Attention,Charlie Puth,"Woah-oah, hm-hmm You've been runnin' 'round, runnin' 'round, runnin' 'round Throwin' that dirt all on my name 'Cause you knew that I, knew that I, knew that I'd Call you up You've been going 'round, going 'round, going 'round Every party in LA 'Cause you knew that I, knew that I, knew that I'd Be at",
4,This is what I'm thinking of doing. I just thought tafe was the go to.,11208,Leave,Borgeous,"You got too big for this small town People say you don't come around Guess you got some new friends now, don't ya? You coulda called to say goodbye Coulda called me your ride or die Guess you think you're on cloud nine, don't ya? You only want what you can't have You only want what you can't have, I",
4,This is what I'm thinking of doing. I just thought tafe was the go to.,9805,You're Always On My Mind,SWV,"You're always on my mind You're always on my mind You're always on my mind You're always on my mind Verse 1 Boy, I can't seem to get you outta my head But there's something about you that makes me smile Don't change, I like the way you make me feel Can we take our time and do this for a while Girl, ",
4,This is what I'm thinking of doing. I just thought tafe was the go to.,6355,Tacata' - Radio Edit,Tacabro,"Spanish Tacatà, Tacata', Tacatá ¿Tú sabes qué cosa es el tacatá? ¿Te gusta el tacatá? A mí me gusta cuando las mamitas hacen tacatá ¡Tacatá brò! Dale mamasita con tu tacatá Dale mamasita tacatá Dale mamasita con tu tacatá Dale mamasita tacatá Dale mamasita con tu tacatá Dale mamasita tacatá Dale mam",
4,This is what I'm thinking of doing. I just thought tafe was the go to.,7639,Floating (feat. Khalid) [filous Remix],Alina Baraz,"2am, and I'm still breathing Staring at my thoughts floating up to the ceiling I'm swimming in everything you said I'm thinking 'bout jumping in instead I've got you skinny dipping deep inside my head It's in the way you see You know what I need It's in the way that you're holding me, bringing me cl",
4,This is what I'm thinking of doing. I just thought tafe was the go to.,3672,Just Friends (Sunny),Musiq Soulchild,Girl I know this might seem strange But let me know if I'm out of order For stepping to you this way See I've been watching you for a while And I just gotta let you know That I'm really feeling your style Cause I have to know your name And leave you with my number And I hope that you would call me s,
4,This is what I'm thinking of doing. I just thought tafe was the go to.,10328,Attention,Charlie Puth,"Woah-oah, hm-hmm You've been runnin' 'round, runnin' 'round, runnin' 'round Throwin' that dirt all on my name 'Cause you knew that I, knew that I, knew that I'd Call you up You've been going 'round, going 'round, going 'round Every party in LA 'Cause you knew that I, knew that I, knew that I'd Be at",
4,This is what I'm thinking of doing. I just thought tafe was the go to.,3677,New - Mokita & GOLDHOUSE Remix,Daya,When you walk past That park near your apartment now Do you think about me? Do you think about me? Do you drive fast When you realize you're on my street? Do you drive slowly? Do you think about me? Thought I could pack up my suitcase And just walk away (walk away) Leave you with all of the shit I d,
4,This is what I'm thinking of doing. I just thought tafe was the go to.,10722,Blessed (with Tyga),Shenseea,"(Rat-tat-tat-tat-tat-tat, ah!) Ah, Shenseea (Rat-tat-tat-tat-tat-tat, ah!) First thing in the mornin' when I wake up (Rat-tat-tat-tat-tat-tat, ah!) Thank God for life Look in the mirror (Rat-tat-tat-tat-tat-tat, ah!) Say, ""Bitch I'm the best, best, best, best, best, best, best (Rat-tat-tat-tat-tat-t",
4,This is what I'm thinking of doing. I just thought tafe was the go to.,3948,MEGATRON,Nicki Minaj,"Brra-ta-ta-ta Brra-ta-ta-ta They call me Megatron, just did a telethon He got Margielas on, and I get my jealous on I fuck him like I miss him, he just came out of prison Bitches be talkin' shit, but they ain't got a pot to piss in My name is Nicki M, I'm in a sticky Benz That mean it's candy apple ",
4,This is what I'm thinking of doing. I just thought tafe was the go to.,15089,Thick And Thin,LANY,"Late night, your eyes fell to the floor I'm trying to make sense But you're losing your patience Hands talk, won't stop, we go to war In the heat of the moment You think that we're broken I could see my whole life with you baby Now you got me thinking that I'm crazy 'Cause you're Out the door, just ",
5,"The Wall requires taking land at gunpoint, explain how that isn't tyranny",9472,Code Of The Streets,Gang Starr,"Take this for example young brothers want rep Cause in the life they're living, you can't half step It starts with the young ones doing crime for fun And if you ain't down, you'll get played out son So let's get a car, you know, a fly whip Get a dent puller, screwdriver and be off quick With a dope ",
5,"The Wall requires taking land at gunpoint, explain how that isn't tyranny",5909,Paint California,NoMBe,"Breathe, I can make your dreams come true Let's leave And find a place to live life slow Put our feet in the water Dig our teeth in the sand Let the sea take us farther Just to see where we land And we can paint California And pray the rain never shows up We put our feet in the water Dig our teeth i",
5,"The Wall requires taking land at gunpoint, explain how that isn't tyranny",9503,Still New York,MAX,"Ooh-oh Yeah, no matter where we go, we still New York, man Ooh-oh You were the best nights of my life You got the light that always shines I miss the way that you move and the way I get high When you take me to your heights Like I'm standing in the sky I see your subway cars, and your old graffiti I",
5,"The Wall requires taking land at gunpoint, explain how that isn't tyranny",12967,Walls to Build - Mall Grab Remix,Kllo,See through part of your fragile spell There's no walls to build There's no walls to build here When will you figure? If that's what's intended Don't be condescending If this was taken back for more There's no room to grow here When it's forming angles that never existed Don't know the condition For,
5,"The Wall requires taking land at gunpoint, explain how that isn't tyranny",10667,On My Side,Hounded,"More than words to explain The way you make me behave I thought that we could relate So stop hurting, it's all working And you only have to call my name And I'll drop everything in sight I'm holding up these walls for you So stop hurting, it's all working And if you're feeling lonely Don't worry, I'",
5,"The Wall requires taking land at gunpoint, explain how that isn't tyranny",5679,Fortress - Just A Gent Remix,ILLENIUM,"No light in the distance We were shadows holding on (Holding on) All the things I resisted, now far from gone (Far from gone) Armor on, you use your heart as a fortress Ticking bombs, all the weapons are useless So can you just let down your guard? Before everything is marred Armor on, you use your ",
5,"The Wall requires taking land at gunpoint, explain how that isn't tyranny",8247,Hate Conquers All,Anti-Flag,"“In the good old days, this doesn't happen Because they used to treat them very, very rough And when they protested once They would not do it again so easily.” Hate conquers all In the ashes of the fall With our backs against the wall With our backs against the wall Watch the empire fall Watch the n",
5,"The Wall requires taking land at gunpoint, explain how that isn't tyranny",11961,Free (with Drew Love),Louis The Child,She says she blame you for running in and taking her heart away I say I blame her for making me believe her lies Don't understand how you go wake up one day and just walk away You didn't even try to call to apologize And we're building up these walls Just to watch them fall You don't care at all You,
5,"The Wall requires taking land at gunpoint, explain how that isn't tyranny",3132,Viva La Vida,Coldplay,"I used to rule the world Seas would rise when I gave the word Now in the morning I sleep alone Sweep the streets I used to own I used to roll the dice Feel the fear in my enemy's eyes Listen as the crowd would sing Now the old King is dead, long live the King One minute I held the key Next the walls",
5,"The Wall requires taking land at gunpoint, explain how that isn't tyranny",14780,Enter the Riffian,Wo Fat,The land made desolate Taken root oppression Your minds are numbed The past is long forgotten Bards of emptiness Singin' songs of nothing They stolen your souls Enthroned corruption Enter the riffian Bringer of the freedom Psychedelonaut From the land that time forgot Slingin' riffs of iron Forged i,
5,"The Wall requires taking land at gunpoint, explain how that isn't tyranny",14525,Don't Dream It's Over,Crowded House,"There is freedom within, there is freedom without Try to catch a deluge in a paper cup There's a battle ahead, many battles are lost But you'll never see the end of the road while you're traveling with me Hey now, hey now, don't dream it's over Hey now, hey now, when the world comes in They come, th",
5,"The Wall requires taking land at gunpoint, explain how that isn't tyranny",14146,God & Country,FGFC820,"I saw the bodies on the news today A stretch of desert half the world away My eyes, victimized ""One force. one fight."" They must be kidding, 'cause I don't understand Sacrificing for a foreign land Who wields the hand of God With rockets in the night For God & Country you serve your time Fodder and ",
5,"The Wall requires taking land at gunpoint, explain how that isn't tyranny",1110,KINGDOM,FEVER 333,I got my backpacks filled with them ??? Tryna build a ??? Till the taxman come and try to get that Try to take the money and I'm ??? Every stick and every stone Carry up that hill just to make some With our own two hands tryna make some Whoa But we change none But we change none We building castles ,
5,"The Wall requires taking land at gunpoint, explain how that isn't tyranny",5345,Mercy,Muse,"Help me, I've fallen on the inside I tried to change the game, I tried to infiltrate but now I'm losing Men in cloaks always seem to run the show Save me from the ghosts and shadows before they eat my soul Mercy Mercy Show me mercy, from the powers that be Show me mercy, can someone rescue me? Absen",
5,"The Wall requires taking land at gunpoint, explain how that isn't tyranny",12652,They Come at Night,Marianne Faithfull,"Oh no, mama, don't you hear my plea What is this horror, mama, flooding over me They return, the Nazis, every 70 years Bombs explode in Paris, the future is here There's no brave England, no brave Russia, no America Their sins come home to haunt us From the wrong side of the gun",
5,"The Wall requires taking land at gunpoint, explain how that isn't tyranny",4851,Chemistry - Llewellyn's Retouch,Jennifer Touch,Come step inside Step in for a trial Where love is weak and you got me wrong So many nights So many hearts around Sunny light will get me sights Modern lights will never burn a fire My love is real but you drop me down He was proud I was keen Jump into the fall Rest my chemistry of light Chemistry o,
5,"The Wall requires taking land at gunpoint, explain how that isn't tyranny",378,All I Wanna Do,Martin Jensen,Looking through your window Maybe you're not home I tried to call your number So now I leave another message on your phone I'm not a stalker I just gotta know How it feels when I hold you close So tell me what you like Cause I'm runnin' out of time Promise you I'm not insane Something about you that,
5,"The Wall requires taking land at gunpoint, explain how that isn't tyranny",2428,It Ends Tonight - Acoustic Version,The All-American Rejects,"Your subtleties, they strangle me I can't explain myself at all And all the wants and all the needs All I don't want to need at all The walls start breathing, my mind's unweaving Maybe it's best you leave me alone A weight is lifted on this evening I give the final blow When darkness turns to light ",
5,"The Wall requires taking land at gunpoint, explain how that isn't tyranny",11773,Modern Day Cowboy,Tesla,"Stormy night under jet black skies, Billy pulls into town Thunder rolled and the lightning bolts come crashin' to the ground Cold as ice, hard as stone, as he walks into the room With another man who was feeling the same way, all hell's breakin' loose Bang bang, shoot 'em up, bang bang, blow you awa",
5,"The Wall requires taking land at gunpoint, explain how that isn't tyranny",12414,Bulletproof,Raheem DeVaughn,"Load It, Cock It, Aim and Shoot Load It, Cock It, Aim and Shoot Living like we bulletproof We bang, bang, bang, bang, bang, bang I say we load it, cock it, aim and shoot Oh we load it, cock it, aim and shoot Some will die over oil kill over land Charge you for taxes and Blame Uncle Sam Read you your",
6,SO and I have our limit at calling eachother nerds :3 pretty lighthearted.,1793,Rock You Like A Hurricane,Scorpions,"It's early morning, the sun comes out Last night was shaking and pretty loud My cat is purring, it scratches my skin So what is wrong with another sin? The bitch is hungry, she needs to tell So give her inches and feed her well More days to come, new places to go I've got to leave, it's time for a s",
6,SO and I have our limit at calling eachother nerds :3 pretty lighthearted.,5516,Rock You Like A Hurricane,Scorpions,"It's early morning, the sun comes out Last night was shaking and pretty loud My cat is purring, it scratches my skin So what is wrong with another sin? The bitch is hungry, she needs to tell So give her inches and feed her well More days to come, new places to go I've got to leave, it's time for a s",
6,SO and I have our limit at calling eachother nerds :3 pretty lighthearted.,2191,Therapy,Timmy Trumpet,"I'll be mentally how I'm meant to be Every geek, every freak is a friend to me Shout and disagree, be my enemy Open it up 'cause I need therapy I-I-I-I, oh-oh-oh, aw, oh I-I-I-I, oh-oh-oh, aw, oh I-eh-I-eh-I, oh-ay-oh, aw-ee-aw Ee-aw-ee, oh I-eh-I-eh-I, oh-ay-oh, aw-ee-aw Ee-aw-ee, oh 'Cause I need ",
6,SO and I have our limit at calling eachother nerds :3 pretty lighthearted.,10132,Rock You Like A Hurricane,Scorpions,"It's early morning, the sun comes out Last night was shaking and pretty loud My cat is purring, it scratches my skin So what is wrong with another sin? The bitch is hungry, she needs to tell So give her inches and feed her well More days to come, new places to go I've got to leave, it's time for a s",
6,SO and I have our limit at calling eachother nerds :3 pretty lighthearted.,13078,With That (feat. Duke),Young Thug,"Yeah I'm so through with that I'm so through with that We got London on da Track Hunnid bands, hunnid bands Dropped on the head of any nigga want it man (Woo) Pop me a Xanny, I'm fast I'm so fast, I'm so faster than Sonic, man (Woo) True the man, true the man, true to my nigga True religion, Buddha ",
6,SO and I have our limit at calling eachother nerds :3 pretty lighthearted.,1696,Exterminate,Pegboard Nerds,"(Exterminator) (Exterminator) (Exterminator) (Exterminator) (Exterminator) (Ex-) Let's get this thing off the ground (Exterminate) (Exterminate) (Exterminate) (Exterminator) Goddamn nerds Now, I'm a god I've got a harder one for you (Exterminator) (Exterminator) (Exterminator) (Exterminator) (Exterm",
6,SO and I have our limit at calling eachother nerds :3 pretty lighthearted.,7712,Black Water - 45 Version,The Doobie Brothers,"Well, I built me a raft and she's ready for floating Old Mississippi, she's calling my name Catfish are jumping, that paddle wheel thumping Black water keeps rolling on past just the same Old black water, keep on rolling Mississippi moon, won't you keep on shining on me? Old black water, keep on rol",
6,SO and I have our limit at calling eachother nerds :3 pretty lighthearted.,1315,Love Galore (feat. Travis Scott),SZA,"I need, I need I need, I need I need, I need I need, I need I need, I need Love, love, love, love 'Long as we got Love, love, love oh 'Long as we got Done with these niggas I don't love these niggas I dust off these niggas Do it for fun Don't take it personal Personally, I'm surprised you called me ",
6,SO and I have our limit at calling eachother nerds :3 pretty lighthearted.,8361,Better Give U Up,FKJ,"You my obsession (Ocean, eleven) You my whole passion (Patience, circle) I was looking for another challenge (This usual mission) I needed a change (A wish, creation) Your eyes look like a mirror And no more spells My mind's wearing a robe But look now, no Love is not enough In order to last Remembe",
6,SO and I have our limit at calling eachother nerds :3 pretty lighthearted.,10666,Best Day Of My Life,American Authors,"I had a dream so big and loud I jumped so high, I touched the clouds (Wo-o-o-o-o-o-oh, wo-o-o-o-o-o-oh) I stretched my hands out to the sky We danced with monsters through the night (Wo-o-o-o-o-o-oh, wo-o-o-o-o-o-oh) I'm never gonna look back, whoa I'm never gonna give it up, no Please don't wake me",
6,SO and I have our limit at calling eachother nerds :3 pretty lighthearted.,8124,Rock You Like a Hurricane,Scorpions,"It's early morning, the sun comes out Last night was shaking and pretty loud My cat is purring, it scratches my skin So what is wrong with another sin? The bitch is hungry, she needs to tell So give her inches and feed her well More days to come, new places to go I've got to leave, it's time for a s",
6,SO and I have our limit at calling eachother nerds :3 pretty lighthearted.,14013,Take Me with U,Prince,"I can't disguise the pounding of my heart It beats so strong It's in your eyes, what can I say They turn me on I don't care where we go I don't care what we do I don't care pretty baby Just take me with you Come on and touch the place in me That's calling out your name We want each other oh so much ",
6,SO and I have our limit at calling eachother nerds :3 pretty lighthearted.,2762,Raise Your Glass,P!nk,"Right, right, turn off the lights We're gonna lose our minds tonight What's the dealio? I love when it's all too much 5 A.M. turn the radio up Where's the rock 'n roll? Party crasher, panty snatcher Call me up if you're gangsta Don't be fancy, just get dancy Why so serious? So raise your glass if yo",
6,SO and I have our limit at calling eachother nerds :3 pretty lighthearted.,14548,Dechorro - Radio Edit,Deorro,"Hey! Hey! Hey! Hey! Hey! Hey! Hey! Hey! Hey! Hey! Hey! Hey! One, two, three WO! Hey Hey Hey Hey Hey Hey Hey Hey Hey Hey Hey Hey Hey Hey Hey Hey One, two, three WO! WO! WO! WO! WO! WO! WO! WO! WO! WO! WO! WO! WO! WO! WO! WO! WO! WO! WO! WO! WO! WO! WO! WO! WO! WO! WO! WO! WO! Hey Hey Hey Hey Hey Hey ",
6,SO and I have our limit at calling eachother nerds :3 pretty lighthearted.,3296,Starships,Nicki Minaj,"RedOne Uh Let's go to the beach, each Let's go get a wave They say what they gonna say Have a drink, clink, found the Bud Light Bad bitches, like me, is hard to come by The patron own, let's go get it on The zone on, yes, I'm in the zone Is it two, three? Leave a good tip I'ma blow off my money and ",
6,SO and I have our limit at calling eachother nerds :3 pretty lighthearted.,4579,Starships,Nicki Minaj,"RedOne Uh Let's go to the beach, each Let's go get a wave They say what they gonna say Have a drink, clink, found the Bud Light Bad bitches, like me, is hard to come by The patron own, let's go get it on The zone on, yes, I'm in the zone Is it two, three? Leave a good tip I'ma blow off my money and ",
6,SO and I have our limit at calling eachother nerds :3 pretty lighthearted.,6886,Push It to the Limit,Corbin Bleu,"Yeah Come on now Here we go Let's do it Yeah.. Push it Push it to the limit, limit 'Cause we're in it to win it In it to win it Oh yeah I realized that This is where my heart is Now is the time to finish What I started Can't worry 'bout What other people might say It's who I am Gotta live my dream m",
6,SO and I have our limit at calling eachother nerds :3 pretty lighthearted.,6762,Dechorro,Deorro,"Hey! Hey! Hey! Hey! Hey! Hey! Hey! Hey! Hey! Hey! Hey! Hey! One, two, three WO! Hey Hey Hey Hey Hey Hey Hey Hey Hey Hey Hey Hey Hey Hey Hey Hey One, two, three WO! WO! WO! WO! WO! WO! WO! WO! WO! WO! WO! WO! WO! WO! WO! WO! WO! WO! WO! WO! WO! WO! WO! WO! WO! WO! WO! WO! WO! Hey Hey Hey Hey Hey Hey ",
6,SO and I have our limit at calling eachother nerds :3 pretty lighthearted.,8299,Turn It Up,Armin van Buuren,"1, 2 We're coming for you We don't give a **** Gonna break some rules 3, 4 Lock your door When the neighbours shout Turn it up some more Turn it up up more Turn it up up more Turn it up Turn it up Turn it up up more Turn it up up more Turn it up up more When the neighbours shout turn it up some more",
6,SO and I have our limit at calling eachother nerds :3 pretty lighthearted.,3441,Rock You Like a Hurricane,Scorpions,"It's early morning, the sun comes out Last night was shaking and pretty loud My cat is purring, it scratches my skin So what is wrong with another sin? The bitch is hungry, she needs to tell So give her inches and feed her well More days to come, new places to go I've got to leave, it's time for a s",
6,SO and I have our limit at calling eachother nerds :3 pretty lighthearted.,12282,Graduation (with Juice WRLD),benny blanco,"Oh-oh-oh, woah, woah It's fire Huh, as we go on, we remember All the times we spent together (Ooh, woah) As our lives change (Ooh, woah), from whatever We will still be (We will still), friends forever First off, tell the girl in my math class I'm rich And you broke, bitch, I had the last laugh And ",
7,Opposites attract! I thought the same thing when he helped her cook Thanksgiving.,15371,Opposites Attract,Paula Abdul,"Baby, it seems we never ever agree You like the movies and I like TVI take things serious and you take 'em light I go to bed early and I party all night Our friends are sayin' we ain't gonna last 'Cause I move slowly and baby, I'm fast I like it quiet and I love to shout But when we get together, it",
7,Opposites attract! I thought the same thing when he helped her cook Thanksgiving.,7699,You Are My Strength,Deitrick Haddon,It seemed like i had to lose In order to win And when they walked out on me Its when your love came in And when i felt like dying You made me feel better Took me by the hand You told me we could make it through this together You were my strength x2 When i was exhausted You were my strength x3 Helped,
7,Opposites attract! I thought the same thing when he helped her cook Thanksgiving.,403,Simply Irresistible,Robert Palmer,"How can it be permissible? She compromise my principle, yeah, yeah That kind of love is mythical She's anything but typical She's a craze you'd endorse, she's a powerful force You're obliged to conform when there's no other cause She used to look good to me, but now I find her Simply irresistible Si",
7,Opposites attract! I thought the same thing when he helped her cook Thanksgiving.,7573,I Found My Smile Again (Radio Edit),D'Angelo,"I found my smile again You helped me find my smile again I found my smile again You helped me find my smile again I don't know what it is that you're doing All I know is baby, that you're sho'nuff doin' it good And you look at me and my heart just starts the moving I haven't felt like this in a whil",
7,Opposites attract! I thought the same thing when he helped her cook Thanksgiving.,6553,Family Reunion,Jill Scott,We at the family reunion Tellin' jokes and playin' spades Uncle Dave is on the barbeque grill Grandma braggin' bout the blanket she made For the new baby on her way Even though the daddy ain't really ready This child is coming anyway yeah Neicy made her famous potato salad Somehow it turns out green,
7,Opposites attract! I thought the same thing when he helped her cook Thanksgiving.,14376,Virginia,Clipse,"You ready to do this, nigga? You ready to come down here? It's Virginia, nigga We do this in broad daylight It's a whole different degree of homicide, nigga You ready? I'm from Virginia, where ain't shit to do but cook (talkin' 'bout what?) Pack it up, sell it triple price, fuck the books (talkin' '",
7,Opposites attract! I thought the same thing when he helped her cook Thanksgiving.,2478,Killer Queen - Remastered 2011,Queen,"She keeps a Moët et Chandon in her pretty cabinet Let them eat cake she says, just like Marie Antoinette A built-in remedy for Khrushchev and Kennedy (Ooh, ooh) At anytime an invitation, you can't decline (Ooh, ooh) Caviar and cigarettes, well versed in etiquette Extraordinarily nice She's a Killer ",
7,Opposites attract! I thought the same thing when he helped her cook Thanksgiving.,2736,Your Prime,Anderson .Paak,"(Do you have girlfriends?) You pickin' on me? (No, why are you saying that?) Why are you picking on me? (Why would I do that? Now let me ask you this question) Why you pickin' on me? Shut up and sit down! I told you to sit down! Don't use it all at once Baby girl, your prime is about that long Don't",
7,Opposites attract! I thought the same thing when he helped her cook Thanksgiving.,5948,Soul Holidays,Sounds Of Blackness,It's time to celebrate Let's all come together To share our hearts of love That we feel for one another It's holiday Love respect We like to share it a special way Christmas (the day that Jesus Christ was born) New Year's Day (Aaaa were entering another year) Thanksgiving MLK We're talking about sou,
7,Opposites attract! I thought the same thing when he helped her cook Thanksgiving.,4931,Overdose (feat. Chris Brown),AGNEZ MO,"Yes Oh woah, oh-oh Oh, oh, hey You know why I'm going crazy? Because of you, only you, IHypnotized, you got me mesmerized with the thought of you I'm in awe of you, oh She's my medication for my heartbreak Oh, I need her She rehabilitates me But I'm still addicted, yeah, to her Living life blind wit",
7,Opposites attract! I thought the same thing when he helped her cook Thanksgiving.,452,Father O'Blivion,Frank Zappa,Get on your feet and do the funky Alfonzo! Father Vivian O'Blivion Resplendent in his frock Was whipping up the batter For the pancakes of his flock He was looking rather bleary He forgot to watch the clock Cause the night before Behind the door A leprechaun had stroked hi— The night before Behind t,
7,Opposites attract! I thought the same thing when he helped her cook Thanksgiving.,7503,Scentless Apprentice,Nirvana,"Like most babies smell like butter His smell smelled like no other He was born scentless and senseless He was born a scentless apprentice Hey, go away! Go away! Go away! Every wet nurse refused to feed him Electrolytes smell like semen I promise not to sell your perfumed secrets There are countless ",
7,Opposites attract! I thought the same thing when he helped her cook Thanksgiving.,6353,I Found My Smile Again,D'Angelo,"I found my smile again You helped me find my smile again I found my smile again You helped me find my smile again I don't know what it is that you're doing All I know is baby, that you're sho'nuff doin' it good And you look at me and my heart just starts the moving I haven't felt like this in a whil",
7,Opposites attract! I thought the same thing when he helped her cook Thanksgiving.,4087,Wreckonize - Remix Vocal,Smif-N-Wessun,Yea this right here is goin' out to all them girls out there That did me or Southstar you know tell y'all a little story Love hate Mistakes Tell me what you think is going on We date all day All day Tell me what you think is going on Two late Heart break Tell me what you think is going on Whats goin,
7,Opposites attract! I thought the same thing when he helped her cook Thanksgiving.,7125,Always Attract,You Me At Six,"If it hurts this much Then it must be love And it's a lottery I can't wait to draw your name Oh, I'm trying to get to you But time isn't on my side The truth's the worst I could do And I guess that I have lied Keeping me awake It's been like this now for days My heart is out at sea My head all over ",
7,Opposites attract! I thought the same thing when he helped her cook Thanksgiving.,14555,Killer Queen - 2011 Mix,Queen,"She keeps a Moët et Chandon in her pretty cabinet Let them eat cake she says, just like Marie Antoinette A built-in remedy for Khrushchev and Kennedy (Ooh, ooh) At anytime an invitation, you can't decline (Ooh, ooh) Caviar and cigarettes, well versed in etiquette Extraordinarily nice She's a Killer ",
7,Opposites attract! I thought the same thing when he helped her cook Thanksgiving.,4330,Killer Queen - 2011 Mix,Queen,"She keeps a Moët et Chandon in her pretty cabinet Let them eat cake she says, just like Marie Antoinette A built-in remedy for Khrushchev and Kennedy (Ooh, ooh) At anytime an invitation, you can't decline (Ooh, ooh) Caviar and cigarettes, well versed in etiquette Extraordinarily nice She's a Killer ",
7,Opposites attract! I thought the same thing when he helped her cook Thanksgiving.,12142,Killer Queen - 2011 Mix,Queen,"She keeps a Moët et Chandon in her pretty cabinet Let them eat cake she says, just like Marie Antoinette A built-in remedy for Khrushchev and Kennedy (Ooh, ooh) At anytime an invitation, you can't decline (Ooh, ooh) Caviar and cigarettes, well versed in etiquette Extraordinarily nice She's a Killer ",
7,Opposites attract! I thought the same thing when he helped her cook Thanksgiving.,13681,Daddy (feat. Rich The Kid),Blueface,"Blueface, baby Yeah, aight (Cállate, Mike Crook) I'm her daddy, I don't even know her mama Ooh She call me daddy, I don't even know her mama (Ooh) She gon' do it for some Dolce Gabbana Louis, Gucci, Fendi, Prada (Designer) With no strings attached like Balenciaga (Yeah, aight) She call me daddy, I d",
7,Opposites attract! I thought the same thing when he helped her cook Thanksgiving.,14199,Tell Me,Smilez and Southstar,"Yeah This right here Is going out to all them girls out there That did me and South wrong Ya know Tell y'all a little story This the reason, uh, uh Love, hate Mistakes Tell me what you think is going on (what you think, huh?) Debates all day Tell me what you think is going on (what's going on girl?)",
8,Absolutely you are doing the right thing. She will not take this decision lightly. So be prepared for the fallout now.,6914,All I Have (feat. LL Cool J),Jennifer Lopez,"Love is life and life is living It's very special All my love…Oh-oh-oh Uh, baby, don't go All my, all my, all my love Baby, don't go, yeah Very special Baby, don't go, uh All my love Baby, don't go, yeah Baby, don't go All my, all my, all my love I understand, just chillin' Baby, don't go, yeah, yea",
8,Absolutely you are doing the right thing. She will not take this decision lightly. So be prepared for the fallout now.,5379,Strongest (Alan Walker Remix),Ina Wroldsen,You sit there with that look on your face like you won Like nothing that I say is gonna change how you feel now You sit there and you tell me you fell outta love And we are in your way so you just gotta leave now And we just need to understand your reasons And you are gonna justify this treason By t,
8,Absolutely you are doing the right thing. She will not take this decision lightly. So be prepared for the fallout now.,646,My Prerogative,Bobby Brown,"Get busy! Everybody's talking all this stuff about me (Now now) Why don't they just let me live? (Ooh) I don't need permission Make my own decisions (OH!) That's my prerogative They say I'm crazy, I really don't care That's my prerogative They say I'm nasty, but I don't give a damn Getting girls is ",
8,Absolutely you are doing the right thing. She will not take this decision lightly. So be prepared for the fallout now.,13590,My Prerogative,Bobby Brown,"Get busy! Everybody's talking all this stuff about me (Now now) Why don't they just let me live? (Ooh) I don't need permission Make my own decisions (OH!) That's my prerogative They say I'm crazy, I really don't care That's my prerogative They say I'm nasty, but I don't give a damn Getting girls is ",
8,Absolutely you are doing the right thing. She will not take this decision lightly. So be prepared for the fallout now.,12314,Petty Lover,Jaz Karis,"Dum-dum-dum, dum-dum-dum Mmm, mm-mm-mm, yeah Yes, I'm a petty lover today, hm 'Cause  I'm still mad about yesterday No stupid questions, asking me ""Why?"" There's no kiss for you when I say goodbye, oh-oh Let that shit go, let that shit go You keep telling me to Let that shit go, let that shit go, hm",
8,Absolutely you are doing the right thing. She will not take this decision lightly. So be prepared for the fallout now.,8988,Lightly,Amos Lee,"Met her on a Tuesday Went out on a Friday night Said she was lookin' for a love affair And I was lookin' for a getaway flight So we packed up a bag And hailed up a cab And I grabbed my guitar because It was the only thing that I had Well I learned to travel lightly Babe, livin' alone Some say that i",
8,Absolutely you are doing the right thing. She will not take this decision lightly. So be prepared for the fallout now.,9888,"Can't Back Down - From ""Camp Rock 2: The Final Jam""",Demi Lovato,We can't We can't back down (x4) Not right now We can't back down Not right now We can't back down We can't back down Don't close your eyes We're all in this together Wherever we draw the line We're not gonna straddle across it Or lose it We can't back down There's too much at stake This is serious ,
8,Absolutely you are doing the right thing. She will not take this decision lightly. So be prepared for the fallout now.,5290,Mr. Right or Mr. Wrong,Peggy Scott-Adams,"When I'm in the mood, my old man is not I toss and turn, yearn and burn Can't sleep when I'm hot Every time I try to turn him on He turns his back and says leave me alone If Mr. Right won't get it I'll betcha Mr. Wrong will be more than glad to hit it If Mr. Right has no desire I'm gonna let Mr. Wro",
8,Absolutely you are doing the right thing. She will not take this decision lightly. So be prepared for the fallout now.,4141,Kisha,Lil Wayne,"Got a early call from Kisha, Kisha wanted me to meet her She said she thought it was time to make the relationship get deeper Said cool then I'm gon' beep ya What would be a good time to reach ya She said what about ten but l thought eleven would be sweeter Cuz she wanted me to see her, said I neede",
8,Absolutely you are doing the right thing. She will not take this decision lightly. So be prepared for the fallout now.,3505,My Prerogative,Bobby Brown,"Get busy! Everybody's talking all this stuff about me (Now now) Why don't they just let me live? (Ooh) I don't need permission Make my own decisions (OH!) That's my prerogative They say I'm crazy, I really don't care That's my prerogative They say I'm nasty, but I don't give a damn Getting girls is ",
8,Absolutely you are doing the right thing. She will not take this decision lightly. So be prepared for the fallout now.,1073,Nightgowns,Tom Misch,"There was something 'bout her face Something 'bout the way that they would taste Little lips after slipping everything she shouldn't say Saying everything that couldn't wait Saying wouldn't it be great A little bait heard a little late Years of trying me, finally, im a slip her on a date Saying wait",
8,Absolutely you are doing the right thing. She will not take this decision lightly. So be prepared for the fallout now.,6707,Decision (feat. Tyler Carter),ONE OK ROCK,Another day Another life I wanna live it to the fullest A little work A lotta play Alright Ashiato tadori ikitsuku basyo Nazoru dakega bokuno jinsei jyanai We'll never be as young as we are now You say it's all right You say it's OK It's up to you? Is that the truth? Tell me I'm feeling used with no,
8,Absolutely you are doing the right thing. She will not take this decision lightly. So be prepared for the fallout now.,4657,Los Angeles,The Audition,"She said, I'm jealous of Los Angeles She gets to keep you for a month or two And I don't know if I can handle this The thought of being without you I know it's cold But baby, maybe we can stay a little longer Then warm up those toes The last thing we need is to blow our cover And I know it's tough t",
8,Absolutely you are doing the right thing. She will not take this decision lightly. So be prepared for the fallout now.,1206,Nightgowns,Tom Misch,"There was something 'bout her face Something 'bout the way that they would taste Little lips after slipping everything she shouldn't say Saying everything that couldn't wait Saying wouldn't it be great A little bait heard a little late Years of trying me, finally, im a slip her on a date Saying wait",
8,Absolutely you are doing the right thing. She will not take this decision lightly. So be prepared for the fallout now.,8766,Water Fountain,Alec Benjamin,She told me that she loved me by the water fountain She told me that she loved me and she didn't love him And that was really lovely 'cause it was innocent But now she's got a cup with something else in it It's getting kind of blurry at a quarter past ten And he was in a hurry to be touching her ski,
8,Absolutely you are doing the right thing. She will not take this decision lightly. So be prepared for the fallout now.,4547,Blame It on the Rain,Milli Vanilli,You said you didn't need her You told her good-bye You sacrificed a good love To satisfy your pride Now you wished that you should have her And you feel like such a fool You let her walk away Now it just don't feel the same Gotta blame it on something Gotta blame it on something Blame it on the rain,
8,Absolutely you are doing the right thing. She will not take this decision lightly. So be prepared for the fallout now.,1360,Higher,The Saturdays,"I'm doing nothing 'Cause then at least I'm doing nothing wrong And I'm gon' stay in on my own Then turn off my telephone If nothing's gained, then nothing's won And you can tell 'em Yeah, you can say whatever, I don't care, yeah And if you wanna play it cool Then I got news for you It's getting hott",
8,Absolutely you are doing the right thing. She will not take this decision lightly. So be prepared for the fallout now.,4567,Can't Back Down,Demi Lovato,We can't We can't back down (x4) Not right now We can't back down Not right now We can't back down We can't back down Don't close your eyes We're all in this together Wherever we draw the line We're not gonna straddle across it Or lose it We can't back down There's too much at stake This is serious ,
8,Absolutely you are doing the right thing. She will not take this decision lightly. So be prepared for the fallout now.,5472,None Of My Business,Cher Lloyd,"Damn, I heard that you and her been having problems She likes to fight, I guess you both have that in common Started at the top and now you at the bottom But baby, this is none of my business You moved on, that a wrong, been a while, baby So did I (So did I, so did I) Took her home to your mom Oh, b",
8,Absolutely you are doing the right thing. She will not take this decision lightly. So be prepared for the fallout now.,10614,9 Crimes,Damien Rice,"Leave me out with the waste This is not what I do It's the wrong kind of place To be thinking of you It's the wrong time For somebody new It's a small crime And I got no excuse And is that all right, yeah? Give my gun away when it's loaded That all right, yeah? If you don't shoot it, how am I suppos",
8,Absolutely you are doing the right thing. She will not take this decision lightly. So be prepared for the fallout now.,1663,My Prerogative,Bobby Brown,"Get busy! Everybody's talking all this stuff about me (Now now) Why don't they just let me live? (Ooh) I don't need permission Make my own decisions (OH!) That's my prerogative They say I'm crazy, I really don't care That's my prerogative They say I'm nasty, but I don't give a damn Getting girls is ",
9,Where else can you get deer ears and a flower crown on your selfie?,9867,Something Just Like This - Alesso Remix,The Chainsmokers,"I've been reading books of old The legends and the myths Achilles and his gold Hercules and his gifts Spiderman's control And Batman with his fists And clearly I don't see myself upon that list But she said, where'd you wanna go? How much you wanna risk? I'm not looking for somebody With some superh",
9,Where else can you get deer ears and a flower crown on your selfie?,908,Something Just Like This - R3hab Remix,The Chainsmokers,"I've been reading books of old The legends and the myths Achilles and his gold Hercules and his gifts Spiderman's control And Batman with his fists And clearly I don't see myself upon that list But she said, where'd you wanna go? How much you wanna risk? I'm not looking for somebody With some superh",
9,Where else can you get deer ears and a flower crown on your selfie?,14094,Good Morning,John Legend,"Good morning Good morning love It's my favorite love song I waited all night long Before you get into the shower Before you worry about your hair Baby give me one more hour I want you to stay right there I dont wanna lose a moment I dont wanna miss a kiss If i could plan the perfect day, love Then i",
9,Where else can you get deer ears and a flower crown on your selfie?,7822,Cinderella - Retrovision Remix,Janee,"I like to dress up like a princess But I'm waiting for nobody Up on my heels, I'll make the distance I got my swag on, look at me I'm a cinderella Event after midnight I don't wanna need you May somebody set me free Around the castle there's a big fence But nobody's gonna hold me here On the road I'",
9,Where else can you get deer ears and a flower crown on your selfie?,2714,Scar Tissue,Red Hot Chili Peppers,"Scar tissue that I wish you saw Sarcastic mister know-it-all Close your eyes and I'll kiss you'Cause with the birds I'll share With the birds I'll share this lonely viewin'With the birds I'll share this lonely viewin' Push me up against the wall Young Kentucky girl in a push-up bra Ah, fallin' all o",
9,Where else can you get deer ears and a flower crown on your selfie?,1818,Come and Get Your Love - Radio Edit,Real McCoy,"Come and get your love Come and get your love Come and get your love, now Come and get your love Come and get your love Come and get your love Yeah (yeah) what's the matter with your hair? Oh, yeah, yeah, (yeah) what's the matter with your mind And your sign and a, oh, yeah Mmm, how I gonna get it, ",
9,Where else can you get deer ears and a flower crown on your selfie?,165,Bloom,bLAck pARty,I hope your flowers bloom I hope your flowers bloom I hope your flowers bloom I hope your flowers bloom I hope you grow up to be Everything that you want to I hope your flowers bloom I hope your flowers bloom I hope your flowers bloom I hope your flowers bloom I hope your flowers bloom I hope your f,
9,Where else can you get deer ears and a flower crown on your selfie?,8102,I Don't Belong In This Club,Why Don't We,Some guy skipped in front of me Can't believe I paid an entry fee And I don't even got the energy To smile for a selfie And I know that I should go home But I'm still standing here so I guess one more for the road I wanna raise a toast so This one's for the sparklers Dudes wearing shades in the dark,
9,Where else can you get deer ears and a flower crown on your selfie?,7475,Running From Lions,All Time Low,"Get me out of this place, before I cause more damage A small price to pay for building houses out of matchsticks; And when things get too hot, you've got me to blame For every fire that breaks out in every lover's name Don't forget, we've got unfinished business Stories yet to unfold; Tales that mus",
9,Where else can you get deer ears and a flower crown on your selfie?,13754,The Way I Am,Gavin Haley,"Growing up my father told me ""Son, you know that boys don't cry"" Bottled up emotion, always try to keep that shit inside Now I don't know how to feel College when I met you Never seen someone so beautiful Told me that you love me But you need somebody vulnerable But I don't know how I'm sorry for th",
9,Where else can you get deer ears and a flower crown on your selfie?,6973,Something Just Like This - Dimitri Vegas & Like Mike Remix,The Chainsmokers,"I've been reading books of old The legends and the myths Achilles and his gold Hercules and his gifts Spiderman's control And Batman with his fists And clearly I don't see myself upon that list But she said, where'd you wanna go? How much you wanna risk? I'm not looking for somebody With some superh",
9,Where else can you get deer ears and a flower crown on your selfie?,1344,Judas,Lady Gaga,"Whoa-whoa-whoa-whoa-whoa I'm in love with Juda-as, Juda-as Whoa-whoa-whoa-whoa-whoa I'm in love with Juda-as, Juda-as Judas, Juda-ah-ah Judas, Juda-ah-ah Judas, Juda-ah-ah Judas, Gaga Judas, Juda-ah-ah Judas, Juda-ah-ah Judas, Juda-ah-ah Judas, Gaga When he calls to me, I am ready I'll wash his feet",
9,Where else can you get deer ears and a flower crown on your selfie?,5571,Strawberry Letter 23,Tevin Campbell,"Hello, my love I heard a kiss from you Red magic satin playing near Too All through the morning rain I gave The sun doesn't shine Rainbows and waterfalls Run through my mind In the garden I see (Ah, ah, ah, ah, ah, ah) West purples shower bells and tea Orange birds and river cousins (Ah, ah, ah, ah,",
9,Where else can you get deer ears and a flower crown on your selfie?,8528,Show Me Love (feat. 21 Savage & Miguel),Alicia Keys,"Show me love Treat it like we freakin' on the weekend, show me love I heat up the seconds, times and reasons for your love This is not the season for nobody else but us I always get wrapped up in you, baby, I'm in love We gon' get this love, yeah, like we never done it Baby, I'm in love Go 'head, sh",
9,Where else can you get deer ears and a flower crown on your selfie?,6362,Magazine,$uicideBoy$,"$uicidal holocaust, for the dead, I shed a tear Cut fuckboys from ear to ear, you never see me creepin' near $uicidal holocaust, for the dead, I shed a tear Cut fuckboys from ear to ear, you never see me creepin' near $uicidal holocaust, for the dead, I shed a tear Cut fuckboys from ear to ear, you ",
9,Where else can you get deer ears and a flower crown on your selfie?,13295,Something Just Like This,The Chainsmokers,"I've been reading books of old The legends and the myths Achilles and his gold Hercules and his gifts Spiderman's control And Batman with his fists And clearly I don't see myself upon that list But she said, where'd you wanna go? How much you wanna risk? I'm not looking for somebody With some superh",
9,Where else can you get deer ears and a flower crown on your selfie?,13424,Never Never,SBTRKT,"It's complicated when you gravitate towards yourself On the other hand, it's hard to talk to anyone else You can't help, can't help where your mind goes So let's harvest on the moon with the autumn snow Cause I've never, never had so much to gain And threw it all away And if I ever, ever had the cha",
9,Where else can you get deer ears and a flower crown on your selfie?,6130,The Christmas Song,Chaka Khan,Chestnuts roasting on an open fire Jack Frost nipping at your nose Yule-tide carols being sung by a choir And folks dressed up like Eskimos Everybody knows a turkey and some mistletoe Help to make the season bright Tiny tots with their eyes all aglow Will find it hard to sleep tonight They know that,
9,Where else can you get deer ears and a flower crown on your selfie?,11255,Round & Round,Selena Gomez & The Scene,"Round and round Round and round Round and round You see me standing there and act like you don't know me But last night, you were calling me, saying you want me Oh, why you always make me feel like I'm the one that's crazy? You got my heart racing My, my heart racing Boy, I need you here with me We ",
9,Where else can you get deer ears and a flower crown on your selfie?,2553,Something Just Like This,The Chainsmokers,"I've been reading books of old The legends and the myths Achilles and his gold Hercules and his gifts Spiderman's control And Batman with his fists And clearly I don't see myself upon that list But she said, where'd you wanna go? How much you wanna risk? I'm not looking for somebody With some superh",
